<?xml version="1.0" encoding="UTF-8"?>
<hibernate-configuration>
	<session-factory>
		<property name="connection.driver_class">com.mysql.cj.jdbc.Driver</property>
		<property name="connection.url">jdbc:mysql://localhost:3306/btrs</property>
		<property name="connection.username">root</property>
		<property name="connection.password">ashborn</property>
		<property name="dialect">org.hibernate.dialect.MySQL8Dialect</property>
		<property name="hbm2ddl.auto">update</property>
		<mapping class="com.btrs.entity.Admin" />
		<mapping class="com.btrs.entity.Customer" />
		<mapping class="com.btrs.entity.Bus" />
		<mapping class="com.btrs.entity.Route" />
		<mapping class="com.btrs.entity.Ticket" />
		<mapping class="com.btrs.entity.Payment" />
		<mapping class="com.btrs.entity.Schedule" />
	</session-factory>
</hibernate-configuration>
